日期,状态,条数,策略
2026-08-27,关闭,1,strategy_VThwWOQfl5u0
2026-08-27,预上线,10,strategy_XJefRbJPjhpx strategy_rDf6oPcZ8ydk strategy_aMgzQ6DeG4ea strategy_Jg5GX6N06y9A strategy_uST7u6mubWyD strategy_3Xdk1yVksTLu strategy_MxOz7knQrYee strategy_yfvTZgkTp9Xi strategy_XHTQp5mXFKDe strategy_D2vycSNfe0uK
2026-08-31,ONLINE,3,strategy_ShYuJkFIqeUY strategy_OzOZrCKhsw1I strategy_wwBH5HzV9UwS
2026-08-31,预上线,2,strategy_bTCEWBZggaAP strategy_6iDqO9WDcLqy
2026-09-01,预上线,7,strategy_V6lJJ4GhzsdL strategy_ph2zbZrRTk3Z strategy_BbJkwEDGCvTu strategy_K9ZkemBnYF6Z strategy_Dn2Bcs2CevHF strategy_IdbR1okStS84 strategy_QgstgoGXTYmD
2026-09-02,关闭,9,strategy_3MCyMqNb5YeA strategy_ocxN42tWlsVa strategy_AbS8iunHKKDd strategy_PgLNG0OnyF7T strategy_RWAoDbEEJ9uA strategy_DDVSENR7zacR strategy_xiuYXjsH8wZH strategy_dOKKkggm5bI5 strategy_99H5XGeZYQlY
2026-09-03,ONLINE,8,strategy_OgkdQFtWwJ92 strategy_REnWrA7CfCdE strategy_YDil3llqAgrb strategy_4U53sNfliQi9 strategy_wl5KnTgSRJ5z strategy_Sjg5jzhKlBYa strategy_29nE1qd56otz strategy_op3SuUTxbwxq
2026-09-04,关闭,1,strategy_rlgPUQUHjKws
2026-09-04,ONLINE,1,strategy_ZhIwgFM93OmM
2026-09-04,预上线,2,strategy_MGj5bfGOijOi strategy_x37TInaHsvPQ
2026-09-05,预上线,1,strategy_l44EWYqtinsu
2026-09-08,关闭,1,strategy_hauAJst12TIj
2026-09-09,ONLINE,2,strategy_uKSgJAVWhWlU strategy_sw3jC7bvFYEX
2026-09-09,预上线,1,strategy_ARqkLD7E3JaK
